<?xml version="1.0"?>
<pagescount>
	<html_total>8</html_total>
	<html_done>8</html_done>
	<images>10</images>
	<script>11</script>
	<css>9</css>
	<pdf/>
	<documents/>
	<excel/>
	<powerpoint/>
	<flash/>
	<audios/>
	<videos/>
	<xml/>
	<json/>
	<txt/>
	<autocad/>
	<fonts>48</fonts>
	<scraping_reload>1</scraping_reload>
	<is_pretty_url>false</is_pretty_url>
	<is_ebn>false</is_ebn>
	<email>green.monke.tt@gmail.com</email>
	<theme_name>WmdTheme769840</theme_name>
	<server_url_front_page>https://www6.waybackmachinedownloader.com/wdo/files/demo/rizzivr.xyz_green.monke.tt_gmail.com_hzs0vqel2h/</server_url_front_page>
	<no_www_url>rizzivr.xyz</no_www_url>
	<hosted_domain/>
	<original_archive_url>https://rizzivr.xyz</original_archive_url>
	<final_archive_url>https://rizzivr.xyz/</final_archive_url>
	<front_page_code_date/>
	<total_urls_from_api/>
	<max_reached_live>false</max_reached_live>
	<scrape_other_captures>false</scrape_other_captures>
	<total_size>8184</total_size>
</pagescount>
